Trabajo;Desc. Actuación;Desc. Estado HIPPO Trabajo;Contador de plazo legal;Número de Reclamaciones
418117020499.1;P.S.: PRECIADOS, 10 MADRID;PEND.INST.PART;0;
418117020499.9;P.S.: PRECIADOS, 10 MADRID;PEND.INST.PART;0;
418519080021.1;P.S.: ISABEL MENDEZ, 29 MADRID;STOP;0;
418519070337.1;P.S.: SAN JAIME, 2 MADRID;STOP;0;
418114050091.9;P.S.: ALBUFERA, 0000 MADRID;PEND.INST.PART;0;
418419070274.1;P.S.: CARRETAS, 10 MADRID;STOP;0;
418519060328.1;RET.: SIERRA DE GREDOS, 9 MADRID;REPROGRAMAR;0;
918220030088.1;P.S.: VICALVARO A COSLADA, 48 MADRID;STOP;0;
418418100073.1;RET.: MARROQUINA, 34 MADRID;REPROGRAMAR;0;
418116080269.1;P.S.: REINA CRISTINA, 2 MADRID;STOP;0;
418116110751.1;P.S.: CL TERTULIA, 000 MADRID;PEND.INST.PART;0;1
418116110751.9;P.S.: CL TERTULIA, 000 MADRID;PEND.INST.PART;0;1
418117090253.1;P.S.: SUR, 0217 MADRID;REPROGRAMADO;419;2
418518080086.1;P.S.: AMBAR, 17 MADRID;STOP;0;
418518080086.9;P.S.: AMBAR, 17 MADRID;STOP;0;
418519030001.1;P.S.: PUERTO DE ARLABAN, 119 MADRID;STOP;0;
418519030001.9;P.S.: PUERTO DE ARLABAN, 119 MADRID;STOP;0;
418519050095.1;P.S.: RAFAEL DE RIEGO, 26 MADRID;PEND.INST.PART;0;
918220020184.1;RET.: TOLEDO, 76 MADRID;EJECUTADO;0;2
418519040391.9;P.S.: GUADARRAMA, 13 MADRID;PEND.INST.PART;0;1
418519060107.1;RET.: SUR, 207 MADRID;REPROGRAMAR;0;
918220050280.1;P.S.: UZP0204 LOS BERROCALES, 29 MADRID;STOP;0;
418114110054.1;P.S.: PICO ARTILLEROS, 0061 MADRID;STOP;0;
418114110054.9;P.S.: PICO ARTILLEROS, 0061 MADRID;STOP;0;
418114110121.9;P.S.: ARROYO FONTARRON, 0111 MADRID;PEND.INST.PART;0;
418418010194.1;RET.: PICO ARTILLEROS, 55 MADRID;REPROGRAMAR;0;
418418030139.1;RET.: VALDERRIBAS, 19 MADRID;REPROGRAMAR;0;1
418418120122.1;P.S.: MARROQUINA, 0010 MADRID;STOP;0;
418419050175.1;P.S.: INFANTAS, 4 MADRID;STOP;0;
418117070363.1;RET.: RAMON CALABUIG, 41 MADRID;REPROGRAMAR;0;
418117100279.1;RET.: EMILIO RABOSO, 29 MADRID;REPROGRAMADO;0;1
418518010088.1;P.S.: CAÑADA DEL SANTISIMO, 45 MADRID;STOP;0;
918220080095.1;P.S.: IBROS, 3 MADRID;STOP;0;1
918220080096.1;P.S.: NOVECENTO, 6 MADRID;STOP;0;
918220090204.1;RET.: DESENGAÑO, 1 MADRID;REPROGRAMAR;0;1
918220050112.1;P.S.: MONTE IGUELDO, 108 MADRID;STOP;0;
918220070617.9;P.S.: EXTREMADURA, 95 MADRID;REPROGRAMAR;39;1
918220110127.1;P.S.: GUADARRAMA, 22 MADRID;STOP;0;
918220030047.1;P.S.: CIUDAD DE BARCELONA, 2 MADRID;STOP;0;3
918220110380.1;P.S.: CONCEJAL VICTORINO GRANIZ, 165 MADRID;STOP;0;6
918220110380.9;P.S.: CONCEJAL VICTORINO GRANIZ, 165 MADRID;STOP;0;6
418419030050.1;P.S.: CANTERAS DE TILLI, 1 MADRID;STOP;0;
918220110428.1;P.S.: EMBAJADORES, 232 MADRID;STOP;0;5
918220110383.1;RET.: CACERES, 7 MADRID;REPROGRAMAR;0;
918220070331.1;P.S.: UZP0103 ENSANCHE VALLECAS, 4 MADRID;STOP;0;
918220090330.1;RET.: ENTREARROYOS, 10 MADRID;REPROGRAMAR;0;1
418519070217.1;P.S.: SIERRA DE MEIRA, 32 MADRID;PEND.INST.PART;0;
918221030337.1;RET.: GRAN VIA, 20 MADRID;REPROGRAMADO;0;4
418519020194.1;P.S.: UZP0204 LOS BERROCALES, 29 MADRID;EJECUTADO;63;
918221020049.1;P.S.: DOCTOR GARCIA TAPIA, 76 MADRID;STOP;0;2
918221030163.2;P.S.: PIRITA, 37 MADRID;STOP;0;4
418419090227.1;P.S.: UZP0203 LOS AHIJONES, 22 MADRID;PEND.INST.PART;0;
918221070062.1;P.S.: BUENOS AIRES, 17 MADRID;STOP;0;1
918221030030.1;RET.: RODAS, 10 MADRID;REPROGRAMADO;0;10
918221090135.1;P.S.: EVARISTO SAN MIGUEL, 13 MADRID;STOP;0;2
918221060357.1;P.S.: DE MORATALAZ, 21 MADRID;STOP;0;2
918120080284.1;P.S.: LEALTAD, 4 MADRID;STOP;0;9
918221020062.2;P.S.: HEXAGONOS, 4 MADRID;REPROGRAMAR;696;3
918221070082.1;P.S.: CARIDAD, 28 MADRID;STOP;0;
918221080059.2;P.S.: FERENC PUSKAS, 81 MADRID;REPROGRAMAR;27;10
918221070021.1;P.S.: ALBUFERA, 319 MADRID;STOP;0;9
918222030061.1;P.S.: JUAN DE URBIETA, 0009 MADRID;PEND.INST.PART;0;
918222030441.1;P.S.: SANTA JULIA, 46 MADRID;EJECUTADO;26;
918222030479.1;P.S.: FRANCISCO IGLESIAS, 55 MADRID;PEND.INST.PART;0;
918221110399.1;P.S.: CERRO MILANO, 541 MADRID;REPROGRAMAR;31;3
918222030442.1;P.S.: SAXOFON, 75 MADRID;STOP;0;12
918220110204.1;P.S.: ANCORA, 0037 MADRID;REPROGRAMADO;4;1
918222010424.1;P.S.: VILLAVERDE A VALLECAS, 3500 MADRID;REPROGRAMADO;319;9
918220030051.1;P.S.: DIALOGO, 79 MADRID;REPROGRAMAR;114;1
918220030051.9;P.S.: DIALOGO, 79 MADRID;REPROGRAMAR;114;1
918222050038.1;RET.: ANTONIO LOPEZ, 245 MADRID;REPROGRAMAR;0;5
918221080058.2;P.S.: FERENC PUSKAS, 41 MADRID;REPROGRAMAR;27;11
918221050394.1;P.S.: MADRID A RIVAS JARAMA, 24 MADRID;STOP;0;4
918222030443.1;P.S.: , MADRID;PEND.INST.PART;0;4
418419060208.1;P.S.: PUERTA DEL SOL, 10 MADRID;REPROGRAMADO;20;4
918221120116.1;P.S.: SAN FILEMON, 23 MADRID;REPROGRAMADO;108;65
918222020256.1;P.S.: SANTA LUCIA, 17 MADRID;STOP;0;10
918222030371.1;P.S.: CORREGIDOR LICENCIADO ANTO 0 MADRID;STOP;0;
918222030424.1;P.S.: MEZQUITA, 0 MADRID;STOP;0;
918222070039.1;P.S.: MILAGROSA, 22 MADRID;REPROGRAMADO;176;4
918221010385.1;P.S.: MENDEZ ALVARO, 640 MADRID;STOP;0;
918222070439.1;P.S.: CGDOR DIEGO CABEZA VACA, 3 MADRID;PROGRAMADO;20;1
918221020355.9;P.S.: DIALOGO, 63 MADRID;REPROGRAMAR;74;2
918222060480.1;P.S.: RAMIREZ TOMÉ, 0 MADRID;EJECUTADO;0;
918222060514.1;P.S.: CABEZA DE MESADA, 0 MADRID;STOP;0;
918222030187.1;P.S.: SANTA EUGENIA, 0002 MADRID;STOP;0;4
918222070107.1;P.S.: CERRO MILANO, 437 MADRID;STOP;0;5
918222090024.1;P.S.: SIERRA NEVADA, 5 MADRID;REPROGRAMAR;12;4
918221010330.4;P.S.: POZO DEL TIO RAIMUNDO, 0007 MADRID;PEND.INST.PART;0;1
918221020150.1;RET.: RECOLETOS, 27 MADRID;EJECUTADO;0;
918222060468.1;P.S.: PUERTO DE BALBARÁN, 0 MADRID;STOP;0;
918221120002.1;P.S.: ISLA DE LUZON, 33 MADRID;STOP;0;4
918222090394.1;P.S.: ANDALUCIA, 00 MADRID;STOP;0;1
918222040025.1;P.F.: SAN FELIU DE GUIXOLS, 11 MADRID;STOP;0;3
918120100182.1;P.S.: LEALTAD, 0 MADRID;STOP;0;2
918222010231.1;RET.: PUERTO DE ARLABAN, 24 MADRID;REPROGRAMADO;0;6
918222050192.1;P.S.: BENIFERRI, 0041 MADRID;PEND.INST.PART;0;3
918221120176.1;P.S.: MENDEZ ALVARO, 47 MADRID;REPROGRAMADO;12;4
918221120176.9;P.S.: MENDEZ ALVARO, 47 MADRID;EJECUTABLE;12;4
918222080101.1;P.S.: SIERRA ARLA, 5 MADRID;PEND.INST.PART;0;1
918222110143.1;P.S.: MINERVA, 17 MADRID;PEND.INST.PART;0;
918221090369.1;P.S.: MIGUEL DELIBES, 65 MADRID;PEND.INST.PART;0;4
918221090369.5;P.S.: MIGUEL DELIBES, 65 MADRID;PEND.INST.PART;0;4
918222070438.1;P.S.: MARIA TERESA LEON, 14 MADRID;STOP;0;7
918222060304.1;P.S.: MARIA PITA, 42 MADRID;STOP;0;10
918222060304.9;P.S.: MARIA PITA, 42 MADRID;STOP;0;10
918220110240.1;P.S.: VILLAVERDE A VALLECAS, 0 MADRID;REPROGRAMADO;44;5
918220110240.9;P.S.: VILLAVERDE A VALLECAS, 0 MADRID;PROGRAMADO;44;5
918222050009.1;P.S.: RICARDO GOIZUETA, 25 MADRID;STOP;0;2
918222030247.1;P.S.: CERRO DEL CAMPO, 21 MADRID;STOP;0;2
918222030247.9;P.S.: CERRO DEL CAMPO, 21 MADRID;STOP;0;2
918221060013.1;P.S.: ENRIQUE URQUIJO, 91 MADRID;STOP;0;
918221060013.9;P.S.: ENRIQUE URQUIJO, 91 MADRID;STOP;0;
918221070204.1;P.S.: ILUSION, 41 MADRID;STOP;0;3
918221070204.9;P.S.: ILUSION, 41 MADRID;STOP;0;3
918222100407.1;P.S.: CERRO MILANO, 361 MADRID;EJECUTADO;0;11
918222030051.1;P.S.: ANTONIO ZAMORA, 47 MADRID;STOP;0;14
918220100079.1;P.S.: MIGUEL DELIBES, 50 MADRID;EJECUTADO;203;1
918220100079.9;P.S.: MIGUEL DELIBES, 50 MADRID;REPROGRAMAR;203;1
918222100124.1;P.S.: PRINCESA, 23 MADRID;REPROGRAMADO;49;4
918223010154.1;P.S.: SAN ISIDRO LABRADOR, 20 MADRID;PEND.INST.PART;0;1
918222010127.1;P.S.: UZP0204 LOS BERROCALES, 1029 MADRID;STOP;0;1
918221120211.1;P.S.: VILLAVERDE A PERALES RIO, 17 MADRID;EJECUTADO;49;1
918222120373.1;P.S.: VALDERRIBAS, 16 MADRID;REPROGRAMADO;9;9
918222120304.1;P.S.: ROSARIO, 6 MADRID;PEND.INST.PART;0;1
918222120480.1;RET.: BENADALID, 2 MADRID;STOP;0;4
918222030510.1;RET.: LAGO MICHIGAN, 3 MADRID;STOP;0;3
918223010292.1;P.S.: MENDEZ ALVARO, 58 MADRID;REPROGRAMADO;215;1
918222110538.1;P.S.: CARRETAS, 9 MADRID;PEND.INST.PART;0;
918223010223.1;P.S.: ORELLANA, 1 MADRID;PEND.INST.PART;0;
918223010408.1;P.S.: DE LOS PONTONES, 29 MADRID;STOP;0;11
918122110286.1;P.S.: DESAMPARADOS, 15 MADRID;STOP;0;
918223010105.1;P.S.: MAESTRO VITORIA, 8 MADRID;PEND.INST.PART;0;1
418419010020.1;P.S.: CELENQUE, 2 MADRID;EJECUTADO;416;
918222090343.1;RET.: YESERIAS, 6 MADRID;REPROGRAMAR;0;
918223010446.1;P.S.: TERESA LOPEZ VALCARCEL, 0 MADRID;STOP;0;
918221070273.1;RET.: UZP0202 LOS CERROS, 3701 MADRID;STOP;0;1
918222040410.1;P.S.: ISLA DE LUZON, 45 MADRID;PROGRAMADO;15;5
918223020350.1;RET.: ENCOMIENDA DE PALACIOS, 166 MADRID;EJECUTADO;0;1
918221120018.1;RET.: VILLABLANCA, 50 MADRID;REPROGRAMAR;0;1
918222100440.1;P.S.: SAN CIPRIANO, 0 MADRID;STOP;0;1
918223030312.1;P.S.: RETAMA, 3 MADRID;PEND.INST.PART;0;2
918222030436.1;P.S.: ESPAÑA, 18 MADRID;STOP;0;8
918223020341.1;P.S.: MAYORAZGO, 4 MADRID;PROGRAMADO;13;5
918223030394.1;P.S.: SAN ISIDRO LABRADOR, 20 MADRID;PEND.INST.PART;0;1
918223030031.1;P.S.: DE LA CIUDAD DE PLASENCIA, 0 MADRID;PEND.INST.PART;0;1
918223030264.1;P.S.: LA GRANJA SAN ILDEFONSO, 31 MADRID;EJECUTADO;19;5
918222090221.1;RET.: SAN CLAUDIO, 115 MADRID;REPROGRAMADO;0;6
918223020555.1;P.S.: ALBUFERA, 0022 MADRID;STOP;0;
418519060118.1;P.S.: MENDEZ ALVARO, 61 MADRID;PROGRAMADO;63;5
418519060118.9;P.S.: MENDEZ ALVARO, 61 MADRID;PROGRAMADO;63;5
918223030196.1;P.S.: REYES MAGOS, 14 MADRID;REPROGRAMADO;9;1
918222060285.1;P.S.: SANTA EUGENIA, 2 MADRID;REPROGRAMADO;49;4
918222070235.1;P.S.: DOCTOR ESQUERDO, 138 MADRID;STOP;0;2
918223020393.1;P.S.: ARROYO FONTARRON, 26 MADRID;STOP;0;2
918223030182.1;RET.: CARMEN, 10 MADRID;EJECUTADO;0;3
918223040070.1;P.S.: DON PEDRO, 0004 MADRID;STOP;0;1
918223030300.1;P.S.: UZP0103 ENSANCHE VALLECAS, 8 MADRID;STOP;0;
918222070415.1;P.S.: FORJAS, 21 MADRID;STOP;0;2
918223040288.1;P.S.: JULIA SOLA, 4 MADRID;PEND.INST.PART;0;
918223040229.1;P.S.: JUAN DE VERA, 15 MADRID;PEND.INST.PART;0;
918223040230.1;P.S.: VALDELASIERRA, 7 MADRID;PEND.INST.PART;0;
918222110238.1;P.S.: UZP0103 ENSANCHE VALLECAS, 43 MADRID;REPROGRAMADO;96;1
918222110238.9;P.S.: UZP0103 ENSANCHE VALLECAS, 43 MADRID;REPROGRAMAR;96;1
918223040213.1;P.S.: DE ARGANDA, 200 MADRID;PEND.INST.PART;0;
918223040228.1;P.S.: RAMÍREZ DE PRADO, 2 MADRID;PEND.INST.PART;0;
918220050115.1;P.S.: UZP0204 LOS BERROCALES, 29 MADRID;PEND.INST.PART;0;2
918222020116.9;P.S.: VILLAVERDE A PERALES RIO, 9 MADRID;REPROGRAMAR;175;6
918222020116.1;P.S.: VILLAVERDE A PERALES RIO, 9 MADRID;EJECUTADO;175;6
918222120219.1;P.S.: DEMOCRACIA, 21 MADRID;STOP;0;2
918223020326.1;P.S.: ILUSION, 12 MADRID;STOP;0;15
918223030468.1;P.S.: EXTREMADURA, 152 MADRID;PROGRAMADO;63;1
918223040369.1;P.S.: FERNANDEZ SHAW, 9 MADRID;PEND.INST.PART;0;3
918221100291.1;P.S.: MENDEZ ALVARO, 55 MADRID;STOP;0;9
918221100291.9;P.S.: MENDEZ ALVARO, 55 MADRID;PEND.INST.PART;0;9
918223030449.1;P.S.: UZP0103 ENSANCHE VALLECAS, 47 MADRID;STOP;0;8
918223050238.1;P.S.: PEÑA SORRAPIA, 70 MADRID;EJECUTADO;92;3
918222100046.1;P.S.: MENDEZ ALVARO, 47 MADRID;STOP;0;1
918222040329.1;P.S.: CERRO DEL CAMPO, 22 MADRID;PROGRAMADO;93;17
918123050260.1;P.S.: TORRE DE DON MIGUEL, 0021 MADRID;STOP;0;2
918222100170.1;P.S.: UZP0202 LOS CERROS, 360 MADRID;REPROGRAMADO;84;4
918223050357.1;P.S.: ANTONIO ZAMORA, 47 MADRID;REPROGRAMAR;163;2
918223040145.1;P.S.: HERCE, 41 MADRID;STOP;0;5
918222110247.1;P.S.: ALBUFERA, MADRID;REPROGRAMADO;49;20
918223050369.1;P.S.: DOCTOR GARCIA TAPIA, 10 MADRID;REPROGRAMAR;58;1
918222060165.1;P.S.: UZP0103 ENSANCHE VALLECAS, 38 MADRID;STOP;0;8
918222060165.9;P.S.: UZP0103 ENSANCHE VALLECAS, 38 MADRID;STOP;0;8
918223040203.1;P.S.: CIUDAD DE BARCELONA, 0033 MADRID;REPROGRAMADO;12;3
918223050130.1;RET.: ENCOMIENDA DE PALACIOS, 215 MADRID;STOP;0;
918223060001.1;RET.: ENRIQUE URQUIJO, 146 MADRID;EJECUTADO;0;3
918223050325.1;P.S.: UZP0103 ENSANCHE VALLECAS, 47 MADRID;PEND.INST.PART;0;
918222110255.1;P.S.: UZP0103 ENSANCHE VALLECAS, 43 MADRID;EJECUTADO;37;1
918222090511.1;P.S.: PALOS DE LA FRONTERA, 40 MADRID;STOP;0;2
918223020021.1;P.S.: ROBLES, 3 MADRID;STOP;0;
918223040075.1;P.F.: PIROTECNIA, 37 MADRID;REPROGRAMADO;182;5
918223050067.1;RET.: TOLEDO, 73 MADRID;STOP;0;1
918223060099.1;P.S.: MIGUEL DELIBES, 20 MADRID;REPROGRAMAR;4;
918223050193.1;P.S.: BUENOS AIRES, 0 MADRID;STOP;0;
918223050219.1;P.S.: DEL TEJO, 0 MADRID;STOP;0;
918221100305.1;P.S.: CORDEL DE PAVONES, 48 MADRID;PROGRAMADO;15;5
918223010228.1;P.S.: RICARDO DAMAS, 13 MADRID;REPROGRAMADO;242;2
918222010151.1;P.S.: IGUALDAD, 181 MADRID;PROGRAMADO;8;5
918222010151.9;P.S.: IGUALDAD, 181 MADRID;EJECUTABLE;8;5
918223050164.1;RET.: APODACA, 20 MADRID;REPROGRAMADO;0;2
918223060321.1;P.S.: EL REAL DE SAN VICENTE, 27 MADRID;STOP;0;11
918220090217.1;RET.: ALAMEDILLA, 25 MADRID;REPROGRAMAR;0;1
918222120366.1;P.S.: VICALVARO A SANTA EUGENIA, 1600 MADRID;PEND.INST.PART;0;
918223050431.1;P.S.: DUQUE DE RIVAS, 4 MADRID;PEND.INST.PART;0;6
918223050350.1;RET.: ENCOMIENDA DE PALACIOS, 222 MADRID;REPROGRAMAR;0;1
918223060061.1;RET.: SIERRA DE TORNAVACAS, 17 MADRID;REPROGRAMAR;0;1
918223050407.1;P.S.: EDUARDO CHILLIDA, 37 MADRID;EJECUTADO;65;1
918222030221.1;P.S.: SANTA FLORENCIA, 1 MADRID;STOP;0;4
918222090126.1;P.S.: ENRIQUE SIMONIS, 16 MADRID;EJECUTADO;156;5
918223030293.1;P.S.: LUIS OCAÑA, 10 MADRID;EJECUTADO;78;3
918223030293.9;P.S.: LUIS OCAÑA, 10 MADRID;REPROGRAMAR;78;3
918223060230.1;P.S.: CERRO DE LA ALCAZABA, 3 MADRID;PEND.INST.PART;0;3
918223050360.1;RET.: MARIA BOSCH, 8 MADRID;STOP;0;2
918223050363.1;RET.: PUERTO DE CANENCIA, 15 MADRID;STOP;0;
918223060292.1;RET.: PICO ARTILLEROS, 105 MADRID;REPROGRAMADO;0;3
918222020501.1;RET.: UZP0203 LOS AHIJONES, 6001 MADRID;STOP;0;2
918223070051.1;P.S.: MENDEZ ALVARO, 36 MADRID;REPROGRAMAR;46;2
918223070127.1;P.S.: ABTAO, 25 MADRID;STOP;0;
918223070220.1;RET.: ANDEVALO, 5 MADRID;REPROGRAMAR;0;3
918223070057.1;P.S.: SECO, 13 MADRID;REPROGRAMADO;5;1
918223070094.1;P.S.: LUIS OCAÑA, 10 MADRID;STOP;0;5
918223070172.1;RET.: ENCOMIENDA DE PALACIOS, 165 MADRID;REPROGRAMADO;0;3
918223050366.1;RET.: SAN CLAUDIO, 107 MADRID;REPROGRAMADO;0;1
918223040064.9;P.S.: HULLA, 00 MADRID;REPROGRAMAR;41;7
918222090368.1;RET.: DOCTOR ESQUERDO, 130 MADRID;REPROGRAMAR;0;
918223060207.1;RET.: HACIENDA DE PAVONES, 133 MADRID;EJECUTADO;0;2
918221100283.1;P.S.: HACIENDA DE PAVONES, 348 MADRID;STOP;0;6
918223060238.1;P.S.: GRAN VIA DEL SURESTE, 60 MADRID;STOP;0;9
918223070001.1;RET.: BENALAURIA, 5 MADRID;EJECUTADO;0;1
918223050010.1;P.S.: IGUALDAD, 211 MADRID;PROGRAMADO;4;5
918223050010.9;P.S.: IGUALDAD, 211 MADRID;EJECUTABLE;4;5
918221100279.1;P.S.: SAN CLAUDIO, 154 MADRID;STOP;0;3
918222030215.1;P.S.: ARROYO DE LA MEDIA LEGUA, 58 MADRID;STOP;0;4
918222030216.1;P.S.: CÓRDOBA, 9 MADRID;STOP;0;2
918222030220.1;P.S.: VILLARDONDIEGO, 34 MADRID;STOP;0;2
918222030222.1;P.S.: GODELLA, 116 MADRID;STOP;0;4
918222040175.1;P.S.: POLIDEPORTIVO, 3 MADRID;STOP;0;5
918223070352.1;P.S.: CAMINO DE LOS VINATEROS, 0047 MADRID;PEND.INST.PART;0;
918223080022.1;P.S.: CANARIOS, 90 MADRID;STOP;0;1
918223080060.1;P.S.: BABILAFUENTE, 3 MADRID;STOP;0;7
918223080195.1;P.S.: ALBUFERA, 0060 MADRID;REPROGRAMAR;122;
918223060183.1;P.S.: UZP0103 ENSANCHE VALLECAS, 221 MADRID;REPROGRAMADO;11;4
918223070140.1;P.S.: MANUEL NOGUEIRO, 9 MADRID;EJECUTADO;29;1
918223060309.1;RET.: PUERTO DEL REY, 19 MADRID;EJECUTADO;0;3
918223020461.1;RET.: SAN CLAUDIO, 25 MADRID;STOP;0;4
918223080213.1;P.S.: DOCTOR BELLIDO, 0 MADRID;PEND.INST.PART;0;1
918221110334.1;P.S.: EMBAJADORES, 232 MADRID;PEND.INST.PART;0;5
918221110334.9;P.S.: EMBAJADORES, 232 MADRID;PEND.INST.PART;0;5
918223030166.1;P.S.: MENDEZ ALVARO, 36 MADRID;PEND.INST.PART;0;
918223030166.9;P.S.: MENDEZ ALVARO, 36 MADRID;PEND.INST.PART;0;
918223030202.1;P.S.: SECO, 13 MADRID;PEND.INST.PART;0;
918223030202.9;P.S.: SECO, 13 MADRID;PEND.INST.PART;0;
918123050102.1;P.S.: FELIPE IV, 0 MADRID;REPROGRAMAR;87;
918223060063.1;P.S.: IRÚN, 1 MADRID;STOP;0;
918223080302.1;RET.: SECO, 13 MADRID;REPROGRAMADO;0;
918122040226.1;P.S.: DESAMPARADOS, 15 MADRID;STOP;0;1
918123020488.1;RET.: MORATIN, 8 MADRID;REPROGRAMAR;0;5
918220110074.1;P.S.: FRANCISCO GRANDE COVIAN, 170 MADRID;STOP;0;17
918220110074.9;P.S.: FRANCISCO GRANDE COVIAN, 170 MADRID;STOP;0;17
918222060045.1;P.S.: CALCIO, 1 MADRID;PROGRAMADO;13;3
918223070328.1;RET.: ANDALUCIA, 85 MADRID;REPROGRAMAR;0;6
918221100292.1;P.S.: MENDEZ ALVARO, 55 MADRID;STOP;0;2
918223070118.1;RET.: PRECIADOS, 28 MADRID;REPROGRAMAR;0;2
918223070035.1;P.S.: LEGANES, 20 MADRID;PEND.INST.PART;0;1
918222100464.1;P.S.: CASA DE TILLY, 33 MADRID;PEND.INST.PART;0;14
918223060294.1;RET.: SERENA, 5 MADRID;REPROGRAMAR;0;2
918223070204.1;P.S.: FUENTE CARRANTONA, 40 MADRID;STOP;0;2
918220030018.1;P.S.: CERRO DEL TESORO, 31 MADRID;PROGRAMADO;63;7
918220030018.9;P.S.: CERRO DEL TESORO, 31 MADRID;REPROGRAMAR;63;7
918223080153.1;P.S.: LA PUEBLANUEVA, 7 MADRID;PROGRAMADO;16;2
918223080033.1;P.S.: CANARIOS, 90 MADRID;EJECUTADO;10;
918223090132.1;P.S.: MATACHEL, 11 MADRID;REPROGRAMADO;71;5
918223090283.1;P.S.: ARTE CONCEPTUAL, 39 MADRID;PEND.INST.PART;0;1
918222040071.1;P.S.: MIGUEL DELIBES, 46 MADRID;STOP;0;7
918222040071.9;P.S.: MIGUEL DELIBES, 46 MADRID;PEND.INST.PART;0;7
918222060366.1;P.S.: PRECIADOS, 28 MADRID;PEND.INST.PART;0;4
918222060366.9;P.S.: PRECIADOS, 28 MADRID;PEND.INST.PART;0;4
918222100042.1;P.S.: MENDEZ ALVARO, 47 MADRID;EJECUTABLE;8;2
918222100042.9;P.S.: MENDEZ ALVARO, 47 MADRID;EJECUTABLE;8;2
918223030173.1;P.S.: PALOS DE LA FRONTERA, 33 MADRID;PEND.INST.PART;0;8
918223030173.9;P.S.: PALOS DE LA FRONTERA, 33 MADRID;PEND.INST.PART;0;8
918223080309.1;P.S.: JOSE GUTIERREZ MAROTO, 10 MADRID;EJECUTADO;42;1
918221050367.1;RET.: PRINCESA, 13 MADRID;REPROGRAMAR;0;15
918223090160.1;P.S.: UZP0103 ENSANCHE VALLECAS, 160 MADRID;PROGRAMADO;7;3
918223060036.1;RET.: ALMONACID, 30 MADRID;EJECUTADO;0;1
918223040008.1;P.S.: URBANIZACION LOS AHIJONES, 0 MADRID;EJECUTADO;32;1
918223010355.1;P.S.: PUERTO DE MAGDALENA, 9 MADRID;REPROGRAMAR;39;9
918223100155.1;P.S.: SAN VICENTE, 0030 MADRID;STOP;0;10
918223080115.1;P.S.: SANZ RASO, 25 MADRID;PEND.INST.PART;0;2
918223080296.1;P.S.: SAN MIGUEL, 0 MADRID;PEND.INST.PART;0;
918223080297.1;P.S.: DE LA MADERA, 0 MADRID;PEND.INST.PART;0;
918223080298.1;P.S.: MAYOR, 0 MADRID;PEND.INST.PART;0;
918223080300.1;P.S.: DOCTOR LETAMENDI, 0 MADRID;PEND.INST.PART;0;
918223080301.1;P.S.: CALATRAVA, 0 MADRID;PEND.INST.PART;0;
918223080315.1;P.S.: CARMEN DE BURGOS, 0 MADRID;PEND.INST.PART;0;
918223090171.1;RET.: HERMINIO PUERTAS, 42 MADRID;REPROGRAMAR;0;2
918223100182.1;RET.: MOLINO DE VIENTO, 29 MADRID;EJECUTADO;0;3
918223070311.1;P.S.: ALCALDE ANDRES MADRID DAV, 126 MADRID;PEND.INST.PART;0;5
918223100181.1;RET.: NAVAS DEL REY, 51 MADRID;EJECUTADO;0;7
918223040207.1;P.S.: FILOSOFA SIMONE WEIL, 10 MADRID;PEND.INST.PART;0;1
918223080027.1;P.S.: PICO DE LOS ARITILLEROS, 95 MADRID;EJECUTADO;36;2
918223090354.1;P.S.: CRISTO DE LA GUIA, 9 MADRID;STOP;0;
918222060364.1;P.S.: PRECIADOS, 28 MADRID;PEND.INST.PART;0;2
918222120032.1;P.F.: EJE CENTRAL, 3 MADRID;NO PROGRAMABLE;0;9
918223090265.1;RET.: SIERRA TORNAVACAS, 17 MADRID;REPROGRAMADO;0;2
918223100282.1;RET.: HACIENDA DE PAVONES, 220 MADRID;REPROGRAMAR;0;
918221040172.1;P.S.: UZP0301 VALDECARROS, 13 MADRID;PEND.INST.PART;0;1
918223020051.1;P.S.: PEÑA AMAYA, 1 MADRID;NO PROGRAMABLE;0;
918223020629.1;P.S.: PEÑA RUBIA, 4 MADRID;PEND.INST.PART;0;2
918223070346.1;RET.: PICO ARTILLEROS, 210 MADRID;REPROGRAMAR;0;
918223040264.1;P.S.: MENDEZ ALVARO, 55 MADRID;PEND.INST.PART;0;7
418419060207.1;P.S.: PUERTA DEL SOL, 10 MADRID;PROGRAMADO;71;6
918223070233.1;P.S.: CELENQUE, 0001 MADRID;PROGRAMADO;9;
918223070170.1;RET.: ARROYO FONTARRON, 333 MADRID;PROGRAMADO;0;
918223100116.1;RET.: CORDEL DE PAVONES, 40 MADRID;REPROGRAMAR;0;1
918223100172.1;P.S.: ALCALDE PEDRO GUTIERREZ, 25 MADRID;REPROGRAMAR;68;1
918223010115.1;P.S.: CARMEN, 10 MADRID;PEND.INST.PART;0;2
918222030078.1;P.S.: ANTONIO LOPEZ, 193 MADRID;PEND.INST.PART;0;1
918222030078.9;P.S.: ANTONIO LOPEZ, 193 MADRID;PEND.INST.PART;0;1
918223050409.1;P.S.: GARGANTA DE LOS MONTES, 1 MADRID;PEND.INST.PART;0;3
918221010429.1;P.S.: SAN DIEGO, 89 MADRID;PEND.INST.PART;0;1
918223090024.1;P.S.: TOLERANCIA, 4 MADRID;REPROGRAMADO;34;9
918223010198.1;P.S.: DEMOCRACIA, 62 MADRID;PEND.INST.PART;0;3
918223070353.1;P.S.: GRAN VIA, 40 MADRID;PROGRAMADO;14;
918223090047.1;P.S.: VILLABLANCA, 34 MADRID;PEND.INST.PART;0;1
918223100278.1;P.S.: TOMAS BRETON, 57 MADRID;PROGRAMADO;9;3
918223110010.1;P.S.: VILLABLANCA, 34 MADRID;PEND.INST.PART;0;
918223110123.1;P.S.: LA GAVIA, 55 MADRID;EJECUTADO;46;
918223040194.1;P.S.: PUERTO DE PORZUNA, 0 MADRID;PROGRAMADO;25;5
918223100217.1;P.S.: ABTAO, 48 MADRID;PEND.INST.PART;0;
918222020433.1;P.S.: ISLA DE LUZON, 45 MADRID;STOP;0;1
918222020084.1;P.S.: HORNO LABRADORES, 7 MADRID;STOP;0;18
918223110248.1;P.S.: RONDA DE SEGOVIA, 15 MADRID;EJECUTADO;7;
918222070440.1;P.S.: PEÑA GUDINA, 11 MADRID;EJECUTADO;22;1
918222060137.1;P.S.: JOSE GUTIERREZ MAROTO, 18 MADRID;STOP;0;5
918222060174.1;P.S.: UZP0103 ENSANCHE VALLECAS, 8 MADRID;STOP;0;21
918223010424.1;P.S.: ARTE POP, 15 MADRID;STOP;0;18
918222050101.1;P.S.: CARTAGENA DE INDIAS, 45 MADRID;STOP;0;15
918222030453.1;P.S.: SIERRA DE PALOMERAS, 40 MADRID;STOP;0;5
918221030102.1;P.S.: LOS ROSALES, MADRID;STOP;0;1
918223110107.1;P.S.: VILLAVERDE A VALLECAS, 0 MADRID;EJECUTADO;15;1
918223050171.1;P.S.: LUIS I, 52 MADRID;NO PROGRAMABLE;0;6
918223040004.1;P.S.: LAS SUERTES, 32 MADRID;STOP;0;7
918223100364.1;P.S.: NAVAMURES, 21 MADRID;EJECUTADO;59;1
918223110165.1;P.F.: MORATALAZ, 91 MADRID;REPROGRAMAR;71;
918223110200.1;P.F.: BENJAMIN PALENCIA, 9 MADRID;PROGRAMADO;71;
918222110252.1;P.S.: ARROYO DE LA BULERA, 43 MADRID;PEND.INST.PART;0;1
918223090234.1;P.S.: MONTE PERDIDO, 21 MADRID;PROGRAMADO;2;1
918223100083.1;P.S.: CASAS DE MIRAVETE, 30 MADRID;REPROGRAMAR;63;4
918222040292.1;P.S.: JUAN CARREÑO DE MIRANDA, 2 MADRID;PROGRAMADO;24;16
918223100383.1;RET.: HACIENDA DE PAVONES, 298 MADRID;REPROGRAMAR;0;
918221110283.1;P.S.: VILLABLANCA, 50 MADRID;STOP;0;2
918221110283.9;P.S.: VILLABLANCA, 50 MADRID;PEND.INST.PART;0;2
918223080179.1;P.S.: CASA DE TILLY, 33 MADRID;REPROGRAMADO;42;4
918223110001.1;P.S.: ILUSION, 41 MADRID;REPROGRAMADO;4;
918223050167.1;P.S.: PEÑA DE LA ATALAYA, 88 MADRID;REPROGRAMADO;27;3
918221050018.9;P.S.: RAFAEL DE RIEGO, 46 MADRID;EJECUTADO;0;3
918223110238.1;P.F.: SAN MARIO, 81 MADRID;REPROGRAMAR;24;
918223060125.1;RET.: EFIGENIA, 13 MADRID;REPROGRAMAR;0;2
918223090325.1;P.S.: JULIAN DEL CERRO, 6 MADRID;PEND.INST.PART;0;
918223110332.1;P.S.: PEDRAFITA DO CEBREIRO, 1 MADRID;PEND.INST.PART;0;
918223100065.1;P.S.: UZP0301 VALDECARROS, MADRID;PROGRAMADO;14;5
918223110156.1;P.S.: TOLERANCIA, 10 MADRID;PEND.INST.PART;0;
918223080177.1;P.S.: COMUNIDADES, 28 MADRID;PEND.INST.PART;0;4
918223110419.1;P.S.: DIALOGO, 79 MADRID;EJECUTABLE;19;
918223110135.1;P.S.: LARRA, 0009 MADRID;REPROGRAMAR;63;
918223110218.1;P.S.: ILUSTRACION, 13 MADRID;NO PROGRAMABLE;0;1
918223110278.1;P.S.: FERROCARRIL DEL TAJUÑA, 10 MADRID;STOP;0;1
918223120150.1;P.S.: PARAISO, 3 MADRID;EJECUTADO;9;
918223110376.1;P.S.: LUIS OCAÑA, 2 MADRID;PEND.INST.PART;0;4
918223110303.1;P.S.: SUERTES DE LA VILLA, 81 MADRID;STOP;0;
918223070320.1;RET.: SAN CIPRIANO, 31 MADRID;REPROGRAMADO;0;
918223110003.4;P.S.: HORMIGUERAS, 163 MADRID;EJECUTADO;39;
918223060076.1;RET.: BENIFERRI, 41 MADRID;REPROGRAMAR;0;3
918223120121.1;P.S.: ANTONIO LOPEZ, 244 MADRID;STOP;0;6
918223110094.1;P.S.: SANTA PETRONILA, 3 MADRID;REPROGRAMAR;1;
918223120096.1;P.S.: PALOMERAS, 1 MADRID;REPROGRAMAR;49;2
918223090168.1;P.S.: SANTA LUCIA, 17 MADRID;PEND.INST.PART;0;1
918222110407.1;P.S.: MEDITERRANEO, 46 MADRID;PROGRAMADO;9;3
918223100239.1;P.S.: SAN MIGUEL, 11 MADRID;PROGRAMADO;24;
918223110096.1;P.S.: TOMAS BRETON, 57 MADRID;PEND.INST.PART;0;2
918223050066.1;P.S.: GRAN VIA DEL SURESTE, 9 MADRID;NO PROGRAMABLE;0;9
918221100297.1;P.S.: GENERAL LACY, 5 MADRID;PROGRAMADO;8;7
918223120095.1;RET.: ENCOMIENDA DE PALACIOS, 328 MADRID;REPROGRAMAR;0;11
918223080128.1;P.S.: UZP0103 ENSANCHE VALLECAS, 263 MADRID;EJECUTADO;7;5
918223120139.1;P.S.: ARTE CONCEPTUAL, 33 MADRID;PEND.INST.PART;0;1
418519060115.1;P.S.: MENDEZ ALVARO, 61 MADRID;PEND.INST.PART;0;3
418519060117.1;P.S.: MENDEZ ALVARO, 61 MADRID;PEND.INST.PART;0;3
418519060117.9;P.S.: MENDEZ ALVARO, 61 MADRID;PEND.INST.PART;0;3
918221110238.1;P.S.: UZP0202 LOS CERROS, 354 MADRID;PEND.INST.PART;0;3
918223090191.1;P.S.: MIGUEL DELIBES, 80 MADRID;PROGRAMADO;43;3
918223120158.1;P.S.: VALDECULEBRAS, 35 MADRID;PEND.INST.PART;0;1
918224010102.1;P.S.: FRANCISCO LAGUNA, 14 MADRID;PROGRAMADO;42;
918223110146.1;P.S.: UZP0103 ENSANCHE VALLECAS, 3 MADRID;PROGRAMADO;41;3
918224010085.1;P.S.: IGNACIO SANTOS VIÑUELAS, 19 MADRID;PROGRAMADO;21;1
918222090012.1;P.S.: FLORIDA, 2 MADRID;STOP;0;3
918122010441.1;P.S.: DESAMPARADOS, 15 MADRID;PEND.INST.PART;0;6
918223100256.1;RET.: SAN EUDALDO, 3 MADRID;PROGRAMADO;0;1
918223110424.1;P.S.: DE LA GUIA, 36 MADRID;PEND.INST.PART;0;1
918223110425.1;P.S.: CRISTO DE LA GUIA, 36 MADRID;PEND.INST.PART;0;1
918223110426.1;P.S.: CRISTO DE LA GUIA, 41 MADRID;PEND.INST.PART;0;1
918223110427.1;P.S.: CRISTO DE LA GUIA, 41 MADRID;PEND.INST.PART;0;1
918223120258.1;RET.: SANZ RASO, 5 MADRID;PROGRAMADO;0;3
918122010441.9;P.S.: DESAMPARADOS, 15 MADRID;PEND.INST.PART;0;6
918221020087.2;P.S.: CONCEPCION JERONIMA, 33 MADRID;STOP;0;9
918223050314.1;P.S.: ATOCHA, 121 MADRID;PEND.INST.PART;0;2
918223050314.9;P.S.: ATOCHA, 121 MADRID;PEND.INST.PART;0;2
918223110409.1;P.S.: GUADALCANAL, 30 MADRID;PEND.INST.PART;0;1
918224010083.1;P.S.: HERCE, 41 MADRID;EJECUTABLE;3;7
418519060116.1;P.S.: MENDEZ ALVARO, 61 MADRID;PEND.INST.PART;0;6
918223060046.1;P.S.: UNO MERCAMADRID, 2 MADRID;PEND.INST.PART;0;1
918223120175.1;P.S.: DEHESA VIEJA, 32 MADRID;PEND.INST.PART;0;3
918224010015.1;P.S.: UZP0103 ENSANCHE VALLECAS, 38 MADRID;STOP;0;2
918224010212.1;P.S.: JARDIN DE LA DUQUESA, 0024 MADRID;PEND.INST.PART;0;
918123030480.1;P.S.: REINA CRISTINA, 24 MADRID;PROGRAMADO;4;4
918222090425.1;P.S.: ENSANCHE DE VALLECAS, 2 MADRID;STOP;0;2
918222090367.1;RET.: DELICIAS, 40 MADRID;REPROGRAMADO;0;3
918222110133.1;P.S.: YESERIAS, 6 MADRID;PEND.INST.PART;0;4
918223100081.1;P.S.: UZP0203 LOS AHIJONES, 6011 MADRID;PEND.INST.PART;0;
918223110361.1;P.S.: DEHESA VIEJA, 74 MADRID;STOP;0;4
918223110415.1;P.S.: PLANETARIO, 6 MADRID;REPROGRAMADO;4;3
918222100264.1;RET.: BENALMADENA, 2 MADRID;PROGRAMADO;0;1
918224010040.1;P.S.: PIROTECNIA, 61 MADRID;REPROGRAMADO;4;2
918223110261.1;P.S.: ANTONIO GADES, 84 MADRID;PEND.INST.PART;0;2
918224010164.1;P.S.: CERRO DE LA ALCAZABA, 10 MADRID;PROGRAMADO;15;
918224010263.4;P.S.: PARAISO, 7 MADRID;PROGRAMADO;37;20
918224010020.1;P.S.: CAVA ALTA, 36 MADRID;PEND.INST.PART;0;1
918223110206.1;P.S.: JUAN PORTAS, 6 MADRID;PROGRAMADO;24;3
918224010190.1;P.S.: EULOGIO PEDRERO, 14 MADRID;PROGRAMADO;9;2
918223050033.1;P.S.: PLANETARIO, 6 MADRID;PEND.INST.PART;0;4
918223050033.9;P.S.: PLANETARIO, 6 MADRID;PEND.INST.PART;0;4
918224020013.1;P.S.: PICO CEJO, 66 MADRID;STOP;0;
918223020632.1;P.S.: CUARENTA Y UNO MERCAMADRI, 3 MADRID;PEND.INST.PART;0;25
918223120179.4;P.S.: CALCIO, 4 MADRID;EJECUTADO;31;7
918223120100.1;P.S.: MOSCARETA, 6 MADRID;PROGRAMADO;19;2
918224010297.1;RET.: JESUITAS, 27 MADRID;NO PROGRAMABLE;0;1
918221050392.3;P.S.: UZP0103 ENSANCHE VALLECAS, 221 MADRID;PROGRAMADO;0;5
918223120193.1;P.S.: TERESA LOPEZ VALCARCEL, 18 MADRID;STOP;0;7
918223120293.1;RET.: PICO ARTILLEROS, 114 MADRID;PROGRAMADO;0;
918224010389.1;P.S.: IGNACIO SANTOS VIÑUELAS, 18 MADRID;STOP;0;2
918221100288.1;P.S.: MINERVA, 12 MADRID;PROGRAMADO;9;4
918222090237.1;P.S.: SAN CIPRIANO, 29 MADRID;PEND.INST.PART;0;2
918223010421.1;P.S.: GRAN VIA, 20 MADRID;PEND.INST.PART;0;9
918223070010.1;P.S.: DEHESA VIEJA, 74 MADRID;PEND.INST.PART;0;13
918223080312.1;P.S.: GRAN VIA, 3 MADRID;PEND.INST.PART;0;3
918224010427.1;P.S.: MARQUES DE LEGANES, 7 MADRID;PEND.INST.PART;0;
918222070437.9;P.S.: LA ADRADA, 2 MADRID;EJECUTADO;25;8
918223050319.1;P.S.: SAN CIPRIANO, 3 MADRID;PEND.INST.PART;0;5
918224010324.1;RET.: PERSEO, 18 MADRID;PROGRAMADO;0;1
918221100039.1;P.S.: PUERTO ALTO, 22 MADRID;EJECUTADO;44;6
918221100039.2;P.S.: PUERTO ALTO, 22 MADRID;EJECUTADO;44;6
918223110263.1;P.S.: CALAHORRA, 17 MADRID;PEND.INST.PART;0;2
918223110222.1;RET.: PINAZO, 7 MADRID;PROGRAMADO;0;7
918223090178.1;P.S.: SIERRA DE PALOMERAS, 32 MADRID;PEND.INST.PART;0;5
918224010377.1;P.S.: QUIJADA DE PANDIELLOS, 0 MADRID;PEND.INST.PART;0;
918224020194.1;P.S.: ARTE CONCEPTUAL, 31 MADRID;PROGRAMADO;13;2
918222120081.1;P.S.: DE LA ALBUFERA, 0 MADRID;PROGRAMADO;39;
918223020601.1;P.S.: CIUDAD DE BARCELONA, 162 MADRID;PEND.INST.PART;0;4
918223120184.1;P.S.: MENDEZ ALVARO, 47 MADRID;PEND.INST.PART;0;2
918223100223.1;P.S.: SIERRA DE LOS FILABRES, 51 MADRID;PEND.INST.PART;0;
918224020080.1;P.S.: ANTONIO LÓPEZ, 256 MADRID;PEND.INST.PART;0;
918224020210.1;P.S.: ESPERANZA GARCIA, 21 MADRID;PEND.INST.PART;0;
918221050151.1;P.S.: ENRIQUE URQUIJO, 81 MADRID;STOP;0;3
918221050151.9;P.S.: ENRIQUE URQUIJO, 81 MADRID;STOP;0;3
918224010097.9;P.S.: CACHERO, 0011 MADRID;PROGRAMADO;24;2
918223050022.9;P.S.: ALBUFERA, 465 MADRID;REPROGRAMAR;78;3
918223050022.3;P.S.: ALBUFERA, 465 MADRID;PROGRAMADO;78;3
918223090206.1;P.S.: LA SALMEDINA, 141 MADRID;EJECUTABLE;0;3
918224010417.1;P.S.: CANTERAS DE TILLY, 21 MADRID;PEND.INST.PART;0;2
918223010127.1;P.S.: MEDITERRANEO, 0 MADRID;PEND.INST.PART;0;5
918223050226.1;P.S.: POZO DEL TIO RAIMUNDO, 24 MADRID;NO PROGRAMABLE;0;3
918224010283.1;P.S.: RETAMA, 2 MADRID;NO PROGRAMABLE;0;
918224010321.1;RET.: CATALINA SUAREZ, 13 MADRID;PROGRAMADO;0;
918224020152.1;P.S.: CERRO MILANO, 571 MADRID;PEND.INST.PART;0;
918223020669.1;P.S.: TELLEZ, 30 MADRID;PEND.INST.PART;0;6
418419070303.1;P.S.: ENRIQUE URQUIJO, 90 MADRID;EJECUTADO;57;
918222110170.9;P.S.: JUAN CARREÑO DE MIRANDA, 1 MADRID;EJECUTADO;0;6
918223100144.1;P.S.: SOUTELO DE MONTES, 7 MADRID;PEND.INST.PART;0;8
918223120106.1;P.S.: CEUSTA SANT VICENTE, 38 MADRID;PEND.INST.PART;0;1
918224010203.1;P.S.: OROVILLA, 25 MADRID;PEND.INST.PART;0;1
918224020098.1;P.S.: AMALTEA, 2 MADRID;REPROGRAMADO;4;1
918224020299.1;P.S.: PEÑARANDA DE BRACAMONTE, 54 MADRID;PEND.INST.PART;0;
918223020395.9;P.S.: LUIS DE HOYOS SAINZ, 152 MADRID;EJECUTADO;119;
918222110028.1;P.S.: CARMEN, 9470 MADRID;PEND.INST.PART;0;4
918224020266.1;P.S.: SIERRA DE LA SOLANA, 3 MADRID;PEND.INST.PART;0;
918224010175.1;P.S.: LEONOR GONZALEZ, 1 MADRID;PEND.INST.PART;0;2
918224010448.1;RET.: JUANA DOÑA, 5 MADRID;NO PROGRAMABLE;0;2
918224020130.1;RET.: DESENGAÑO, 26 MADRID;NO PROGRAMABLE;0;
918223110148.2;P.S.: PIROTECNIA, 2 MADRID;PEND.INST.PART;0;3
918223060353.1;RET.: SANTA URSULA, 17 MADRID;NO PROGRAMABLE;0;
918224010043.4;P.S.: LOS ROSALES, 0015 MADRID;PEND.INST.PART;0;1
918224010162.1;P.S.: ALMONTE, 31 MADRID;PEND.INST.PART;0;1
918224010163.1;P.S.: CORRAL DE ALMAGUER, 19 MADRID;PEND.INST.PART;0;1
918224010165.1;P.S.: UZP0103 ENSANCHE VALLECAS, 277 MADRID;PEND.INST.PART;0;2
918224020151.1;P.S.: ENRIQUE URQUIJO, 111 MADRID;PEND.INST.PART;0;
918222080062.8;P.S.: PIRITA, 20 MADRID;EJECUTABLE;93;1
918224020187.1;RET.: LOPEZ GRASS, 21 MADRID;PROGRAMADO;0;
918223070109.1;P.S.: . MERCAMADRID NAVE A1, 0004 MADRID;REPROGRAMADO;10;3
918223070109.9;P.S.: . MERCAMADRID NAVE A1, 0004 MADRID;EJECUTABLE;10;3
918224020345.1;RET.: ARROYO FONTARRON, 71 MADRID;PROGRAMADO;0;
918224020397.1;P.S.: SIERRA DE ALQUIFE, 0012 MADRID;EJECUTABLE;0;1
918223070230.1;P.S.: RAYA, 13 MADRID;PROGRAMADO;10;3
918224010433.4;P.S.: BRUJAS, 28 MADRID;PROGRAMADO;10;
918223100016.1;RET.: JUAN NAVARRO, 18 MADRID;NO PROGRAMABLE;0;
918224010167.1;P.S.: UZP0103 ENSANCHE VALLECAS, 513 MADRID;PEND.INST.PART;0;1
918223100201.4;P.S.: HORMIGUERAS, 177 MADRID;PEND.INST.PART;0;1
918223110017.1;P.S.: MENDEZ ALVARO, 43 MADRID;PEND.INST.PART;0;1
918224020393.1;P.S.: IGUALDAD, 211 MADRID;NO PROGRAMABLE;0;
918222020337.1;P.F.: LOS ROSALES, 155 MADRID;REPROGRAMAR;7;14
918223120153.1;RET.: PICO DE LOS ARTILLEROS, 119 MADRID;NO PROGRAMABLE;0;
918224020247.1;P.S.: UZP0103 ENSANCHE VALLECAS, 2129 MADRID;PEND.INST.PART;0;3
918224020418.1;RET.: SANZ RASO, 36 MADRID;NO PROGRAMABLE;0;1
918224030070.1;P.S.: ASCENSION BIELSA, 15 MADRID;PEND.INST.PART;0;1
918223110163.1;P.S.: FELIPE II, 15 MADRID;EJECUTABLE;4;13
918224020378.1;P.S.: CAÑADA DEL SANTISIMO, 23 MADRID;NO PROGRAMABLE;0;1
918222110335.1;P.S.: JUAN CARREÑO DE MIRANDA, 1 MADRID;EJECUTADO;0;7
918222110335.9;P.S.: JUAN CARREÑO DE MIRANDA, 1 MADRID;STOP;0;7
918220050226.1;P.S.: VILLAVERDE A VALLECAS, 0 MADRID;PROGRAMADO;10;2
918220050226.9;P.S.: VILLAVERDE A VALLECAS, 0 MADRID;EJECUTABLE;10;2
918223060375.4;P.S.: BERROCAL, 0001 MADRID;EJECUTABLE;1;3
918224020356.1;P.S.: LOPEZ GRASS, 0029 MADRID;PEND.INST.PART;0;1
918224030150.1;P.S.: GOYA, 133 MADRID;NO PROGRAMABLE;0;
918223040310.4;P.S.: MALDONADAS, 9 MADRID;PEND.INST.PART;0;3
918224010369.1;RET.: TELLEZ, 2 MADRID;NO PROGRAMABLE;0;
